name,artists,album,year,length,playlist
Mexican Radio,Wall Of Voodoo,Call Of The West,1982,04:09,07/20
El Fusilado,Chumbawamba,The Boy Bands Have Won,2008,02:32,07/20
Sunshine (Go Away Today),Jonathan Edwards,Jonathan Edwards,1971,02:19,07/20
The Blues Are Still Blue,Belle and Sebastian,The Life Pursuit,2006,04:09,07/20
Banana Man,Tally Hall,Marvin's Marvelous Mechanical Museum,2005,04:10,07/20
Spinnin' N Reelin',Creed Bratton,The 80's,2003,03:10,07/20
Life Less Ordinary,Carbon Leaf,Indian Summer,2004,03:35,07/20
Rope On Fire,Morphine,The Night,2000,05:37,07/20
Imaginary Song,Mark Sandman,Sandbox: The Original Music Of Mark Sandman,2000,02:54,07/20
Oranges,Lawrence,Homesick,2013,02:26,07/20
Glad Girls,Guided By Voices,Isolation Drills,2001,03:49,07/20
Judy Garland,Frog,Kind of Blah,2015,03:37,07/20
Lousy Connection,Ezra Furman,Lousy Connection,2015,03:49,07/20
Another Believer,Rufus Wainwright,Meet The Robinsons Original Soundtrack,2007,04:39,07/20
Será un día fenomenal (La canción de Phineas y Ferb),Indras,Phineas y Ferb (Castilian Spanish Version),2010,03:02,07/20
Storm Cloud Baby,the moss,Secretariat,2020,03:18,07/20
No Children,The Mountain Goats,Tallahassee,2002,02:48,07/20
The Hook,Stephen Malkmus,Stephen Malkmus,2001,03:03,07/20
Flagpole Sitta,Harvey Danger,Where Have All The Merrymakers Gone?,1997,03:37,07/20
Beach Song,Busman's Holiday,Beach Song / LaVaughna,2016,02:49,07/20
Covert Discretion,FREEMAN,FREEMAN,2014,04:55,07/20
Bang Pop,Free Energy,Stuck On Nothing,2010,03:41,07/20
Younger Now,Miley Cyrus,Younger Now,2017,04:09,07/20
Curbside Prophet,Jason Mraz,Waiting for My Rocket to Come,2002,03:35,07/20
You Can't Always Get What You Want,The Rolling Stones,Let It Bleed,1969,07:29,07/20
I-76,G. Love & Special Sauce,"Yeah, it's That Easy",1997,03:46,07/20
This Was a Demo for This One Song but I Couldn't Find the More Up to Date Version So This Will Have to Do Sorry,Rav,B-Sides Vol.3 (2011-2015),2018,02:43,07/20
"Skeleton Appreciation Day in Vestal, NY (Bones)",Will Wood and the Tapeworms,Everything Is a Lot,2015,04:05,07/20
Walkin' On The Sun,Smash Mouth,Summer Playlist,2019,03:28,07/20
Can't Get Enough Of You Baby,Smash Mouth,Astro Lounge,1999,02:31,07/20
Despite What You've Been Told,Two Gallants,Two Gallants,2007,04:29,07/20
The Outdoor Type,The Lemonheads,Car Button Cloth,1996,02:36,07/20
The Mariner's Revenge Song,The Decemberists,Picaresque,2005,08:46,07/20
This Year,The Mountain Goats,The Sunset Tree,2005,03:53,07/20
Ocean Man,Ween,The Mollusk,1997,02:07,07/20
3030,the moss & tyke james,3030,2020,03:03,07/20
On Top Of The World,Imagine Dragons,Night Visions,2012,03:10,07/20
Hold It In,Jukebox The Ghost,Let Live & Let Ghosts,2008,03:29,07/20
Miley,SWMRS,Drive North,2016,04:14,07/20
Bang!,AJR,Bang!,2020,02:51,07/20
Restless Leg,Har Mar Superstar,Bye Bye 17,2013,03:37,07/20
Army,Ben Folds Five,The Unauthorized Biography Of Reinhold Messner,1999,03:23,07/20
Cocaine Trade,Christian Hansen & the Autistics,Power Leopard,2009,04:04,08/20
It Wasnt Me,Shaggy,Dancehall,2020,03:48,08/20
I Can See Clearly Now,Johnny Nash,Radio Hits Of the '70s,1972,02:43,08/20
Odds Are,Barenaked Ladies,Grinning Streak,2013,03:04,08/20
Celebrate,the moss,Bryology,2019,05:19,08/20
The Sound,Human Highway,Moody Motorcycle,2008,02:45,08/20
¡Aikido! (Neurotic / Erotic),Will Wood and the Tapeworms,Everything Is a Lot,2015,02:13,08/20
Cover This Song (A Little Bit Mine),Will Wood and the Tapeworms,Everything Is a Lot,2015,03:57,08/20
Movin' Right Along,Alkaline Trio,Muppets: The Green Album,2011,02:34,08/20
Quitter,Toadies,Rubberneck,1994,03:34,08/20
Kodachrome,Paul Simon,There Goes Rhymin' Simon,1973,03:35,08/20
Bird Tutorial,Sidney Gish,No Dogs Allowed,2017,01:14,08/20
27 Jennifers,Mike Doughty,Golden Delicious,2008,03:11,08/20
Kick Drum Heart,The Avett Brothers,I And Love And You,2009,02:54,08/20
16 Military Wives,The Decemberists,Picaresque,2005,04:53,08/20
The Apartment Song,Tom Petty,Full Moon Fever,1989,02:33,08/20
Waterslide,The Bonedaddys,waterslide,2007,03:53,08/20
Right Back Where We Started From,Maxine Nightingale,Right Back Where We Started From,2019,03:12,08/20
Good Grief,Bastille,Wild World (Complete Edition),2016,03:26,08/20
"Sugar, Sugar",The Archies,The Very Best Of "The Archies",2007,02:47,08/20
Cult Boyfriend,Jeffrey Lewis,A Turn in the Dream-Songs,2011,02:37,08/20
Living in the Past - 2001 Remaster,Jethro Tull,Stand Up,1969,03:23,08/20
Signs,Five Man Electrical Band,Absolutely Right - The Best Of Five Man Electrical Band,2009,04:02,08/20
Nutted by Reality,Nick Lowe,Jesus of Cool (Deluxe Edition),2008,02:51,08/20
Wasted & Ready,Ben Kweller,Sha Sha,2002,03:51,08/20
What Do All the People Know? (Complete Song and Extra Lyrics - From Original Monroes of the 80's),The Monroes,What Do All the People Know?,2013,04:20,08/20
Be True To Your School,The Beach Boys,Little Deuce Coupe (Remastered),1963,02:09,08/20
Big Wheel,Samia,Big Wheel,2020,03:16,08/20
Life is a Highway,Rascal Flatts,Me And My Gang,2006,04:36,08/20
Let Her Dance,The Bobby Fuller Four,Never To Be Forgotten - The Mustang Years,1998,02:32,08/20
Gone for Good,The Shins,Chutes Too Narrow,2003,03:14,08/20
Nowhere With You,Joel Plaskett Emergency,Make A Little Noise EP,2006,03:02,08/20
"December, 1963 (Oh What a Night!)",Frankie Valli & The Four Seasons,Who Loves You,1975,03:17,08/20
Foxglove,Murder By Death,"Good Morning, Magpie",2010,03:06,08/20
Shit & Fuck,Wesley Willis,Rush Hour,2000,03:42,08/20
Missed the Boat,Modest Mouse,We Were Dead Before The Ship Even Sank,2007,04:25,08/20
Cannibal Queen,Miniature Tigers,Tell It To The Volcano,2008,02:42,08/20
Bang the Drum All Day,Todd Rundgren,The Ever Popular Tortured Artist Effect,1982,03:35,08/20
In a Big Country,moe.,Dither,2001,03:36,08/20
Listen to the Music,The Doobie Brothers,Toulouse Street,1972,03:47,08/20
All Of This,Shaimus,Paper Sun,2006,02:35,08/20
Oh My My,Blue October,Oh My My,2020,03:11,08/20
Upside Down,Jack Johnson,Jack Johnson And Friends: Sing-A-Longs And Lullabies For The Film Curious George,2006,03:29,08/20
Why Don't You Get A Job,The Offspring,Americana,1998,02:52,08/20
American Music,Violent Femmes,Why Do Birds Sing?,1991,03:50,08/20
Money Won't Pay,bo en & Augustus,Pale Machine Expansion Pack Singles,2014,03:58,08/20
Smoke Alarm,Carsie Blanton,Idiot Heart,2012,02:16,08/20
Wait A Million Years,The Grass Roots,Leaving It All Behind,1969,03:19,08/20
Avalon,Foxygen,Hang,2017,03:46,08/20
Your Redneck Past,Ben Folds Five,The Unauthorized Biography Of Reinhold Messner,1999,03:43,08/20
25 or 6 to 4 - 2002 Remaster,Chicago,Chicago II,1970,04:50,08/20
One Last Drink,Enter The Haggis,Soapbox Heroes,2006,03:28,08/20
Instead of My Room,Charlie Burg,Live in Peter's Attic,2016,03:18,08/20
Salt Lake City (Girl),the moss,Bryology,2019,02:43,08/20
Ooh La La,Faces,Ooh La La,1973,03:34,09/20
The Night,Morphine,The Night,2000,04:49,09/20
Two Broken Hearts,Rivers Cuomo,Two Broken Hearts,2018,03:04,09/20
Spirits,The Strumbellas,Hope,2016,03:24,09/20
Piss up a Rope,Ween,12 Golden Country Greats,1996,03:34,09/20
Pork And Beans,Weezer,Weezer (Red Album),2008,03:09,09/20
Dog Problems,The Format,Dog Problems (Bonus Track Version),2006,04:11,09/20
I'm in a Hurry (And Don't Know Why),Alabama,Livin' Lovin' Rockin' Rollin': The 25th Anniversary Collection,1980,02:49,09/20
I Don't Love You Anymore,Bomb the Music Industry!,Get Warmer,2007,04:42,09/20
Nausea,Jeff Rosenstock,We Cool?,2015,02:44,09/20
Fresh,DEVO,Something for Everybody (Deluxe),2010,03:00,09/20
House of 1982 Built Like a Ship,Driftless Pony Club,Buckminster,2011,03:56,09/20
Still Late,Satellite High,The Muscular Sorrow of Sadbrain Beardman,2014,03:30,09/20
That Time Is Gone,The dB's,Falling off the Sky,2012,03:32,09/20
Here It Goes Again,OK Go,Oh No,2005,03:00,09/20
Such Great Heights,Streetlight Manifesto,99 Songs of Revolution Vol. 1,2010,03:30,09/20
The Stand,Mother Mother,Eureka,2011,02:57,09/20
Chorus Complains,Driftless Pony Club,Zastera,2016,06:01,09/20
Au Revoir (Adios),The Front Bottoms,Talon Of The Hawk,2013,01:48,09/20
Hall of Fame (feat. will.i.am),The Script & will.i.am,#3,2012,03:23,09/20
Seventeen,Peach Pit,Sweet FA,2018,03:36,09/20
Whole Wide World - Alternative,Wreckless Eric,Whole Wide World,2013,03:00,09/20
Sons & Daughters,The Decemberists,The Crane Wife,2006,05:14,09/20
No Rain,Blind Melon,Blind Melon,1992,03:37,09/20
But Anyway,Blues Traveler,Blues Traveler,1990,04:10,09/20
Shattered (Turn The Car Around),O.A.R.,All Sides (Deluxe Edition),2008,04:15,09/20
Come A Little Bit Closer,Jay & The Americans,Come A Little Bit Closer,1964,02:49,09/20
Waiting,CAKE,Pressure Chief,2004,03:56,09/20
Sueña,Gerardo,180°,2006,04:19,09/20
Forecast Fascist Future,of Montreal,The Sunlandic Twins,2005,04:23,09/20
Calypso,Billy,Music For The Two-Cycle Engine,2003,04:45,09/20
Tune Out,The Format,Interventions and Lullabies,2003,03:31,09/20
The Ballad of Harambe,c a n d i d !,Bananas for Breakfast,2017,03:12,09/20
Dracula From Houston,Butthole Surfers,Weird Revolution,2001,03:43,09/20
Tungs,The Frights,You Are Going to Hate This,2016,02:50,09/20
My Old School,Steely Dan,Countdown To Ecstasy,1973,05:45,09/20
Could Have Been Me,The Struts,Everybody Wants,2016,03:08,09/20
3 Nights,Dominic Fike,"Don't Forget About Me, Demos",2018,02:58,09/20
What A Man Gotta Do,Jonas Brothers,What A Man Gotta Do,2020,03:01,09/20
Magic In The Hamptons (feat. Lil Yachty),Social House & Lil Yachty,Magic In The Hamptons (feat. Lil Yachty),2018,02:45,09/20
Fifteen Minutes,Mike Krol,I Hate Jazz,2011,01:35,09/20
Let My Love Open The Door - E. Cola Mix,Pete Townshend,Take Me Home Tonight,2011,04:49,09/20
Care Of Cell 44,The Zombies,Odessey & Oracle_ 30th Anniversary Edition,1968,03:57,09/20
Love And Mercy,Brian Wilson,I Just Wasn't Made For These Times,1995,03:14,09/20
You Are Going to Hate This,The Frights,You Are Going to Hate This,2016,03:07,09/20
Hollywood,Jukebox The Ghost,Jukebox The Ghost,2015,03:26,09/20
18,Anarbor,Burnout (Deluxe Version),2013,02:37,09/20
Dance And Cry,Mother Mother,Dance And Cry,2018,03:17,09/20
Basket Case,Green Day,Dookie,1994,03:02,09/20
Guesthouse,David Wax Museum,Guesthouse,2015,04:10,09/20
Better Days (And the Bottom Drops Out),Citizen King,Mobile Estates,1999,03:27,09/20
Brimful of Asha,Cornershop,When I Was Born For The 7th Time (Expanded),1997,05:17,09/20
All Your Favorite Bands,Dawes,All Your Favorite Bands,2015,03:35,09/20
1980s Horror Film II,Wallows,1980s Horror Film II,2018,03:55,09/20
You Don't Know Me (feat. Regina Spektor),Ben Folds & Regina Spektor,Way To Normal,2008,03:10,09/20
Trashcan,Delta Spirit,Ode To Sunshine,2007,03:36,09/20
Cayucos,Oregon Bike Trails,HairBrained (Original Motion Picture Soundtrack),2014,03:28,09/20
Local Girls - Digitally Remastered 1996,Graham Parker,Squeezing Out Sparks + Live Sparks,1996,03:44,09/20
Scar That Never Heals,Jeremy Fisher,Goodbye Blue Monday,2007,03:39,09/20
You Know It,Colony House,Only The Lonely,2017,03:02,09/20
My Type,Saint Motel,My Type EP,2014,03:25,09/20
Bella Ciao - Música Original de la Serie la Casa de Papel/ Money Heist,Manu Pilas,Bella Ciao (Música Original de la Serie la Casa de Papel/ Money Heist),2018,02:20,09/20
Withstand,The Murlocs,Manic Candid Episode,2019,03:14,09/20
No One Lives Forever,Oingo Boingo,Dead Man's Party,1985,04:15,10/20
When You Were Made,The Growlers,City Club,2016,03:38,10/20
With A Little Help From My Friends,Wallows,With A Little Help From My Friends,2020,02:50,10/20
The Lotto,Ingrid Michaelson & AJR,The Lotto,2016,03:14,10/20
Heroes And Villains - Remastered 2001,The Beach Boys,Smiley Smile (Remastered),1967,03:39,10/20
Twist and Shout,The Rivieras,California Sun - the Best of the Rivieras,1963,02:11,10/20
I Love a Rainy Night,Eddie Rabbitt,All Time Greatest Hits,1991,03:11,10/20
Lorna Zauberberg,Mike Doughty,Sad Man Happy Man,2009,03:02,10/20
Silhouettes,Colony House,When I Was Younger,2014,02:58,10/20
"Big Thighs, Nj",Low Cut Connie,Get out the Lotion,2011,03:13,10/20
Like Humans Do - Live,David Byrne,"Live From Austin, TX",2007,04:16,10/20
Energy,The Apples In Stereo,New Magnetic Wonder,2007,03:31,10/20
This Will Be Our Year,The Zombies,Odessey and Oracle,1968,02:08,10/20
The Start Of Something,Voxtrot,Raised By Wolves EP,2005,04:32,10/20
A Good Song Never Dies,Saint Motel,The Original Motion Picture Soundtrack: Pt. 2,2020,03:21,10/20
Zombie,Langhorne Slim,Lost At Last Vol. 1,2017,03:02,10/20
Getting Ready to Get Down,Josh Ritter,Sermon on the Rocks,2015,03:16,10/20
Year of the Dog,Mike Doughty,Sad Man Happy Man,2009,02:30,10/20
Bob Marley,Grizfolk,Waking Up The Giants,2015,03:36,10/20
Who’s Gonna Stop Me (feat. "Weird Al" Yankovic),Portugal. The Man & "Weird Al" Yankovic,Who’s Gonna Stop Me (feat. "Weird Al" Yankovic),2020,03:53,10/20
The Underdog,Spoon,Ga Ga Ga Ga Ga (2017 Remaster),2007,03:42,10/20
Hey Julie,Fountains Of Wayne,Welcome Interstate Managers,2003,02:37,10/20
Chevrolet Van,The Nude Party,The Nude Party,2018,04:18,10/20
Alaska,Little Hurt,Alaska,2020,03:09,10/20
didya think,Arlie,Wait,2018,03:20,10/20
Fred Astaire,Jukebox The Ghost,Fred Astaire,2018,03:39,10/20
Baltimore,Mal Blum,Every Time You Go Somewhere,2010,04:39,10/20
The Three of Us,Streetlight Manifesto,The Hands That Thieve,2013,05:18,10/20
Backyard Boy,Claire Rosinkranz,BeVerly Hills BoYfRiEnd,2020,02:09,10/20
'Til I Die - Remastered 2009,The Beach Boys,Surf's Up,1971,02:33,10/20
Eve Of Destruction,Barry McGuire,Eve Of Destruction,1965,03:36,10/20
Weight of the World,Jeff Pianki,Remember It Now,2020,02:08,10/20
King Of Pain,The Police,Synchronicity (Remastered 2003),1983,04:59,10/20
Mister Peepers,Ben Folds,Mister Peepers,2018,04:29,10/20
True Blue,Bright Eyes,Lua,2004,03:30,10/20
El Fin del Mundo,La La Love You & Axolotes Mexicanos,El Fin del Mundo,2019,03:08,10/20
(I Want to) Burn You (Down),Mike Doughty,Sad Man Happy Man,2009,02:01,10/20
Buttercup,Jack Stauber,Pop Food,2017,03:28,10/20
I Don't Belong,"Look Mom, I'm on TV!",Stuck in Big Rapids,2017,02:28,10/20
Acolyte,"Slaughter Beach, Dog",Birdie,2017,05:16,10/20
Beer,Reel Big Fish,Turn The Radio Off,1996,03:31,10/20
In the Best Case Scenario We'd Die at the Same Time,My Name Is Ian,In the Best Case Scenario We'd Die at the Same Time,2015,03:58,10/20
Everybody's Lonely,Jukebox The Ghost,Off To The Races,2018,03:06,10/20
Casa De Mel,Brad Goodall,Casa De Mel,2017,04:21,10/20
I Slept With All Your Mothers,Harriet,Tell the Right Story,2012,02:25,10/20
When He Sees Me,Sara Bareilles,What's Inside: Songs from Waitress,2015,03:51,10/20
Animal Spirits,Vulfpeck,The Beautiful Game,2016,03:11,10/20
Like or Like Like,Miniature Tigers,Tell It to the Volcano,2009,02:39,10/20
Blowin' in the Wind,Bob Dylan,The Freewheelin' Bob Dylan,1963,02:45,10/20
Born Again,Mark Sandman,Sandbox: The Original Music Of Mark Sandman,2000,03:10,10/20
Lets Not Talk,Mark Sandman,Sandbox: The Original Music Of Mark Sandman,2000,02:42,10/20
Ticket To Ride - Remastered 2009,The Beatles,Help! (Remastered),1965,03:10,10/20
I Must Not Think Bad Thoughts,X,More Fun in the New World,1983,04:15,10/20
HandClap,Fitz and The Tantrums,Fitz and The Tantrums (Deluxe Edition),2017,03:13,10/20
Jackie and Wilson,Hozier,Hozier (Expanded Edition),2014,03:43,10/20
Missing You,All Time Low,Future Hearts,2015,04:05,10/20
Riders on the Storm,The Doors,L.A. Woman,1971,07:15,10/20
La Gracia Del Payaso (En Vivo),Grupo Imperial,En Vivo 2017,2017,02:36,10/20
Running,Small Crush,Running,2020,03:16,10/20
Dissect the Bird (Live),John Craigie,Opening for Steinbeck (Live),2018,05:18,10/20
Air Mattress,Conor Oberst,Outer South,2009,02:14,10/20
Better in the Morning,Birdtalker,Better in the Morning,2019,02:44,10/20
Earthquakes and Sharks,Brandtson,"Hello, Control.",2006,02:57,10/20
Get Fucked,Mustard Service,Zest Pop,2017,02:58,10/20
"Lawyers, Guns and Money - 2007 Remaster",Warren Zevon,Excitable Boy,1978,03:30,10/20
Midnite Cruiser,Steely Dan,Can't Buy A Thrill,1972,04:07,10/20
Freakin' Out On the Interstate,Briston Maroney,Carnival,2018,04:12,10/20
An Innocent Man,Billy Joel,An Innocent Man,1983,05:18,11/20
It's Alright,Mother Mother,Dance And Cry,2018,02:55,11/20
Scratch,Morphine,Yes,1995,03:14,11/20
Sunshine Superman,Donovan,Sunshine Superman,1966,03:15,11/20
Harmony Hall,Vampire Weekend,Father of the Bride,2019,05:09,11/20
"Hand Me My Shovel, I'm Going In!",Will Wood and the Tapeworms,Self-Ish,2016,05:51,11/20
Sedona,Houndmouth,Little Neon Limelight,2015,04:00,11/20
Feed the Machine,Poor Mans Poison,Feed the Machine,2020,03:03,11/20
Down The Road,C2C,Tetra,2012,03:27,11/20
Hungry Heart,Bruce Springsteen,The River,1980,03:19,11/20
Sunglasses At Night,Corey Hart,First Offense,1983,05:20,11/20
Fiftyshadesofhay,the moss,Fiftyshadesofhay,2020,03:41,11/20
Vega-Tables,The Beach Boys,The Smile Sessions,2011,03:49,11/20
Africa,TOTO,Toto IV,1982,04:56,11/20
Marie,Treat Her Right,Tied To The Tracks,1989,03:11,11/20
Love You So Bad,Ezra Furman,Transangelic Exodus,2018,03:39,11/20
No Reason,Treat Her Right,Tied To The Tracks,1989,04:27,11/20
Delight,Jamie Berry & Octavia Rose,Delight,2012,05:44,11/20
It's a Sin to Tell a Lie,The Quebe Sisters,Every Which-a-Way,2014,02:47,11/20
Would That Not Be Nice,Divine Fits,A Thing Called Divine Fits,2012,04:00,11/20
Good Life,OneRepublic,Waking Up,2009,04:13,11/20
Do You Wanna Dance? - Remastered,The Beach Boys,The Beach Boys Today! (Remastered),1965,02:21,11/20
Screenwriters Blues,Soul Coughing,Ruby Vroom,1994,05:09,11/20
The Downeaster 'Alexa',Billy Joel,Storm Front,1989,03:43,11/20
Vanilla,Flipturn,Heavy Colors,2017,04:08,11/20
these are my friends,lovelytheband,finding it hard to smile,2018,03:29,11/20
Mr. Rabbit,Paul Westerberg,Stereo,2002,02:25,11/20
Katamari On The Rocks,GameChops,Katamari Dance With Me,2014,05:56,11/20
Strangers,The Kinks,"Lola Versus Powerman and the Moneygoround, Pt. One",1970,03:18,11/20
Black Licorice,Peach Pit,You and Your Friends,2020,03:40,11/20
I Think We're Alone Now - Single Version,Tommy James & The Shondells,I Think We're Alone Now,1967,02:10,11/20
For Elise,Saint Motel,saintmotelevision,2016,03:23,11/20
Scrawny,Wallows,Nothing Happens,2019,02:47,11/20
If You Know That I'm Lonely,FUR,If You Know That I'm Lonely,2017,02:46,11/20
Girl,Beck,Guero,2005,03:30,11/20
Band On The Run,Paul McCartney & Wings,Wingspan,2001,05:13,11/20
Change Of Seasons,Sweet Thing,Sweet Thing,2010,03:39,11/20
I Can Hear Music,The Beach Boys,20/20 (Remastered),1969,02:37,11/20
Oxford Comma,Vampire Weekend,Vampire Weekend,2008,03:16,11/20
Seaside,One South Lark,Seaside,2020,03:41,11/20
Inexplicable,The Correspondents,Inexpicable,2016,04:16,11/20
Sometimes A Pony Gets Depressed,Silver Jews,Tanglewood Numbers,2005,02:37,11/20
How Long?,Vampire Weekend,Father of the Bride,2019,03:32,11/20
Grand Canyon,The Wind and The Wave,Happiness Is Not A Place,2016,03:11,11/20
Baddest Motherfucker in the Beehive,The Delta Riggs,Active Galactic,2016,02:52,11/20
Denim,Stelth Ulvang,American Boredom,2018,02:47,11/20
Camilo - The Magician,Said The Whale,Islands Disappear,2009,02:53,11/20
Mad IQs,I DONT KNOW HOW BUT THEY FOUND ME,RAZZMATAZZ,2020,03:03,11/20
This Must Be The Place,Sure Sure,Sure Sure,2018,03:39,11/20
Working in the Coal Mine,DEVO,Turn Around: B-Sides & More (1978-1984),2019,02:49,11/20
I Know There's An Answer - Mono / Remastered,The Beach Boys,Pet Sounds (Original Mono & Stereo Mix Versions),1966,03:11,11/20
Gone for Good,Morphine,Yes,1995,02:53,11/20
"Why Did You Rob Us, Tank?",The Raik's Progress,Sewer Rat Love Chant,2003,02:23,11/20
prom dress,mxmtoon,the masquerade,2019,03:18,11/20
Dirty Water,The Standells,Dirty Water (Expanded Edition),1966,02:47,11/20
I Ni Sogoma,Dinosaur Feathers,Fantasy Memorial,2010,04:32,11/20
Sisyphus,Andrew Bird,My Finest Work Yet,2019,04:07,11/20
I'll Remember You,Tonio K.,Olé,1997,04:17,11/20
Goodbye Stranger,Supertramp,Breakfast In America,1979,05:51,11/20
Fear & Delight,The Correspondents,Puppet Loosely Strung,2014,03:14,11/20
Welcome to Lady Hell,Dirt Poor Robins,The Raven Locks Act 3,2017,03:48,11/20
Pressure Cracks,Poor Mans Poison,Providence,2014,03:11,11/20
I'll Be Around,The Growlers,City Club,2016,04:47,12/20
This December,Ricky Montgomery,Montgomery Ricky,2016,03:02,12/20
Reaching,David Karsten Daniels & Chris Walker,Kaleidoscope,2016,03:22,12/20
(Till I) Run With You,The Lovin' Spoonful,Revelation: Revolution '69,1969,01:54,12/20
Therefore I Am,Billie Eilish,Therefore I Am,2020,02:54,12/20
Madeleine,New Politics,Lost in Translation,2017,03:34,12/20
Barbados,The Polar Boys,Barbados,2017,03:53,12/20
Take What You Need,JR JR,Take What You Need,2020,03:41,12/20
Ontology,King Gizzard & The Lizard Wizard,K.G.,2020,03:58,12/20
Lights,Ellie Goulding,An Introduction To Ellie Goulding EP,2010,04:04,12/20
Honey,King Gizzard & The Lizard Wizard,K.G.,2020,04:34,12/20
Happiness In Liquid Form,Alfie Templeman,Happiness in Liquid Form,2020,03:33,12/20
Haunted,Taylor Swift,Speak Now (Deluxe Edition),2010,04:02,12/20
Carolina,Young Mister,Young Mister,2016,04:07,12/20
Roses Are Free,Ween,Chocolate and Cheese,1994,04:35,12/20
Think I'm In Love,Beck,The Information,2006,03:19,12/20
King Of Beers,Treat Her Right,Tied To The Tracks,1989,03:50,12/20
Try Hard Fool,The Growlers,Try Hard Fool,2019,03:11,12/20
Wild Honey - Remastered,The Beach Boys,Wild Honey (Remastered),1967,02:40,12/20
Like Glue,Sean Paul,Dutty Rock,2002,03:53,12/20
Ain't Even Gonna Call Ya,No BS! Brass Band,Alive in Richmond!,2009,04:54,12/20
Uncool,SWMRS,Drive North,2016,02:45,12/20
"Ruby, Don't Take Your Love to Town",CAKE,b-sides and rarities,2007,02:56,12/20
With A Gun,Steely Dan,Pretzel Logic,1974,02:17,12/20
I'm All Wrong,Juan Wauters,Who Me?,2015,02:23,12/20
Indian Summer,Beat Happening,Jamboree,1988,03:05,12/20
Change Of The Guard,Steely Dan,Can't Buy A Thrill,1972,03:38,12/20
happiness,Taylor Swift,evermore,2020,05:15,12/20
Speed Racer,Her's,Songs of Her's,2017,02:32,12/20
Cellphone's Dead,Beck,The Information,2006,04:46,12/20
You're Somebody Else,flora cash,You're Somebody Else,2018,03:39,12/20
Take My Hand,Matt Berry,Witchazel,2011,03:11,12/20
I Think I'll Disappear Now,Crash Test Dummies,God Shuffled His Feet,1994,04:52,12/20
Unbearably White,Vampire Weekend,Father of the Bride,2019,04:40,12/20
Good Kisser,Lake Street Dive,Free Yourself Up,2018,03:38,12/20
The First Step,Will Wood and the Tapeworms,Everything Is a Lot,2015,03:18,12/20
Heartbreaker,the moss,Some of Kentucky Derby,2020,02:59,12/20
Hey Nineteen,Steely Dan,Gaucho,1980,05:07,12/20
Kool Musik,Yung Heazy,I UR BOY,2020,03:46,12/20
I Would If I Could,Brad Goodall,I Would If I Could,2020,03:49,12/20
Japanese Soda,One South Lark,Japanese Soda,2018,03:26,12/20
Medicine for Melancholy,Rivers Cuomo,Medicine for Melancholy,2018,03:38,12/20
Heater,Little Car,Heater,2017,02:50,12/20
Thursday,Morphine,Cure for Pain,1993,03:26,12/20
"no body, no crime (feat. HAIM)",Taylor Swift & HAIM,evermore,2020,03:36,12/20
Falsetto,Chris Thile,Thanks for Listening,2017,04:56,12/20
Don't Let Me Go,Room D,Don't Let Me Go,2020,03:27,12/20
Hey Ya,Surfer Blood,Covers,2019,04:02,12/20
Vanishing Girl - 2001 Mix,The Dukes Of Stratosphear,Chips From The Chocolate Fireball,1987,03:00,01/21
Bright Future In Sales,Fountains Of Wayne,Welcome Interstate Managers,2003,03:06,01/21
Ballroom Blitz,Sweet,Desolation Boulevard,1974,04:07,01/21
Clusterhug,I DONT KNOW HOW BUT THEY FOUND ME,RAZZMATAZZ,2020,03:12,01/21
Hurt Somebody,Noah Kahan & Julia Michaels,Busyhead,2019,02:47,01/21
I Eat Salads Now,Sidney Gish,No Dogs Allowed,2017,01:59,01/21
Ready to Win,Tokyo Police Club,TPC,2018,03:15,01/21
Warhead,The Presidents Of The United States Of America,These Are the Good Times People,2008,01:55,01/21
Crappy Ghost,The Presidents Of The United States Of America,Kudos to You!,2014,02:26,01/21
Made For Ending,Jukebox The Ghost,Jukebox The Ghost,2015,03:01,01/21
Bad Times,The Presidents Of The United States Of America,These Are the Good Times People,2008,03:00,01/21
Football Now,Henry Hall,Neato,2020,03:14,01/21
Resignation,Paul Cauthen,Resignation,2018,03:41,01/21
Cabinet Man,Lemon Demon,Spirit Phone,2016,04:23,01/21
Figure 8,Peach Pit,You and Your Friends,2020,03:29,01/21
Goodbye-Goodbye - Boingo Alive Version,Oingo Boingo,Best O' Boingo,1991,03:30,01/21
Old Friends,Pinegrove,Cardinal,2016,03:28,01/21
The Spook,Pete Drake,The Fabulous Steel Guitar Sound of Pete Drake,1962,02:21,01/21
I'm Free,The Who,Tommy,1969,02:39,01/21
Achy Breaky Heart,Billy Ray Cyrus,Some Gave All,1992,03:23,01/21
Leave Me Alone,I DONT KNOW HOW BUT THEY FOUND ME,RAZZMATAZZ,2020,03:36,01/21
No Instructions,The Happy Fits,What Could Be Better,2020,03:40,01/21
Deleter,Grouplove,Healer,2020,03:54,01/21
Bad Reputation,Joan Jett & The Blackhearts,Bad Reputation (Expanded Edition),1981,02:49,01/21
Barrytown,Steely Dan,Pretzel Logic,1974,03:21,01/21
Someday,The Strokes,Is This It,2001,03:03,01/21
Barely Legal,The Strokes,Is This It,2001,03:55,01/21
David Watts,The Kinks,Something Else (Deluxe Edition),1967,02:29,01/21
Ghost,ZZ Ward,The Storm,2017,03:00,01/21
Belly Side Up,Bent Knee,Land Animal,2017,04:15,01/21
Alrighty Aphrodite,Peach Pit,Being So Normal,2018,03:28,01/21
Glitter & Gold,Barns Courtney,The Attractions Of Youth,2017,02:56,01/21
Tropics,Sunny & Gabe,Peace of Cake,2018,04:10,01/21
Seventeen,Haley Blais,Let Yourself Go,2018,03:29,01/21
Middle Fingers,MISSIO,Loner,2017,03:35,01/21
What Could Be Better,The Happy Fits,What Could Be Better,2020,02:53,01/21
Reconnez Cherie,Wreckless Eric,Wreckless Eric,1978,03:15,01/21
Lose It,SWMRS,Drive North,2016,04:01,02/21
Maniac,Conan Gray,Kid Krow,2020,03:06,02/21
Sofia,Clairo,Immunity,2019,03:08,02/21
Changes - 2015 Remaster,David Bowie,Hunky Dory (2015 Remaster),1971,03:38,02/21
Chasin' Honey,Wild Party,Phantom Pop,2014,03:10,02/21
Waving My Dick in the Wind,Ween,The Mollusk,1997,02:12,02/21
Don't Say Much,itsjustrand,Don't Say Much,2018,03:09,02/21
drivers license,Olivia Rodrigo,drivers license,2021,04:02,02/21
Girl from the Sidewalk,Noah Floersch,Girl from the Sidewalk,2018,06:44,02/21
"2econd-2ight-2eer (that was fun, goodbye.)",Will Wood,The Normal Album,2020,03:26,02/21
An Old Fashioned Love Song,Paul Williams,Just An Old Fashioned Love Song,1971,03:11,02/21
Highlights,The Classic Crime,Patterns in the Static,2020,03:57,02/21
In Spite of Me,Morphine,Cure for Pain,1993,02:35,02/21
Mamma Mia - Spanish Version,ABBA,Gracias Por La Musica (Deluxe Edition),1980,03:33,02/21
Don't Wait for Him,Side Saddle,The Astorian,2014,03:10,02/21
Happy Life,Roland Faunte,Sewing Kit,2018,04:30,02/21
Circles,Post Malone,Hollywood's Bleeding,2019,03:35,02/21
I Gotchoo,Bowling For Soup,Sorry For Partyin',2009,03:44,02/21
I Don't Wish You Were Dead Anymore,Bowling For Soup,Sorry For Partyin',2009,02:46,02/21
No Shame,5 Seconds of Summer,CALM,2020,03:13,02/21
Kiss Goodnight,I DONT KNOW HOW BUT THEY FOUND ME,RAZZMATAZZ,2020,03:50,02/21
Sober,blink-182,California,2016,03:00,02/21
Cemetery,COIN,Dreamland,2020,02:57,02/21
Drunken Sailor,The Longest Johns,Written in Salt,2016,02:25,02/21
All You Can (Ch)eat Buffet,"Big, If True",Top Text,2019,04:07,02/21
Turning Out Pt. ii,AJR,Neotheater,2019,03:43,02/21
Act Naturally - Remastered 2009,The Beatles,Help! (Remastered),1965,02:30,02/21
Real (with Mac DeMarco),Juan Wauters & Mac DeMarco,Real (with Mac DeMarco),2021,04:18,02/21
Not Your Lover,Morningsiders,Pollen,2019,03:19,03/21
Turning Japanese - Non Stop Edit,The Vapors,New Clear Days,1980,03:44,03/21
Mr Bitterness,Soul Coughing,Ruby Vroom,1994,05:33,03/21
Camarillo Brillo,Frank Zappa & The Mothers,Over-Nite Sensation,1973,04:00,03/21
Girlfriend Is Better,Talking Heads,Speaking in Tongues,1983,05:45,03/21
Moving,The Happy Fits,What Could Be Better,2020,02:25,03/21
Take the Skinheads Bowling,Camper Van Beethoven,Telephone Free Landslide Victory,1985,02:32,03/21
Paris 1919,John Cale,Paris 1919,1973,04:07,03/21
Killer Queen - Remastered 2011,Queen,Sheer Heart Attack (2011 Remaster),1974,03:00,03/21
Semaphore Signals,Wreckless Eric,Wreckless Eric,1978,02:57,03/21
Swamp,Talking Heads,Speaking in Tongues,1983,05:14,03/21
This Must Be the Place (Naive Melody),Talking Heads,Speaking in Tongues,1983,04:55,03/21
Do It Again - Remastered 2001,The Beach Boys,20/20 (Remastered),1969,02:26,03/21
Ohio (Come Back To Texas),Bowling For Soup,A Hangover You Don't Deserve,2004,03:51,03/21
Crazy = Genius,Panic! At The Disco,Death of a Bachelor,2016,03:18,03/21
Teenagers,My Chemical Romance,The Black Parade,2006,02:42,03/21
2012 (Remastered),Will Wood and the Tapeworms,Self-Ish (Remastered),2020,04:04,03/21
Minnesota Girls,The Shackletons,Second Attempt,2017,04:32,03/21
Tubthumping,Chumbawamba,Tubthumper,1997,04:39,03/21
Laura no està,Nek,Lo mejor de Nek: El ano cero,2004,03:45,03/21
Replay,Iyaz,Replay,2009,03:02,03/21
Touch-Tone Telephone,Lemon Demon,Spirit Phone,2016,04:43,03/21
Something For Your M.I.N.D.,Superorganism,Superorganism,2018,02:45,03/21
Michael & His Slipper Tree '93 - Original Version,The Equals,Michael & His Slipper Tree '93,2005,03:05,03/21
I'm Waiting For The Day,The Beach Boys,Pet Sounds (Mono),1966,03:05,03/21
More Bacon Than The Pan Can Handle,Mike Doughty,Golden Delicious,2008,01:39,03/21
Redesign Your Logo (Bonus Track),Lemon Demon,Spirit Phone,2016,04:21,03/21
Steal My Girl,One Direction,FOUR (Deluxe),2014,03:48,03/21
Amnesia,Chumbawamba,Tubthumper,1997,04:08,03/21
Hate Yourself,TV Girl,French Exit,2014,03:34,03/21
Paradisin',Rina Sawayama,SAWAYAMA,2020,03:06,03/21
The Good Ship Lifestyle,Chumbawamba,Tubthumper,1997,05:13,03/21
Thumbnail,Louie Zong & Brian David Gilbert,Thumbnail,2018,03:05,03/21
Wobbly,Ezra Furman,Perpetual Motion People,2015,03:00,03/21
You Speak My Language,Morphine,Good,1992,03:26,03/21
Tune In,Spendtime Palace,Room With a View,2020,03:49,03/21
We're Good,Dua Lipa,We're Good,2021,02:46,03/21
Freaking Out the Neighborhood,Mac DeMarco,2,2012,02:54,03/21
Sell Out,Reel Big Fish,Turn The Radio Off,1996,03:47,03/21
Fire Water Burn,Bloodhound Gang,One Fierce Beer Coaster,1996,04:52,03/21
Sofia...,Leland Blue,Sofia...,2017,05:12,03/21
Honey Lungs,Said The Whale,Honey Lungs,2021,03:00,03/21
The One That Got Away,Katy Perry,Teenage Dream,2010,03:47,03/21
Raspberry Beret,Prince,Around The World In A Day,1985,03:35,03/21
broken,lovelytheband,finding it hard to smile,2018,03:25,03/21
Island In The Sun,Weezer,Weezer (Green Album),2001,03:20,03/21
California,O.A.R.,The Mighty,2019,03:52,03/21
(Nothing But) Flowers - 2005 Remaster,Talking Heads,Naked,1988,05:32,03/21
Take a Sip,Skrizzly Adams,Take a Sip,2018,03:22,03/21
The Communists Have the Music,They Might Be Giants,The Communists Have the Music,2018,02:28,03/21
Boys Like You,dodie,Boys Like You,2019,03:01,03/21
The Goodbye Look,Donald Fagen,The Nightfly,1982,04:50,03/21
Plateau,Meat Puppets,II,1984,02:22,03/21
Sunflower,Rex Orange County,Sunflower,2017,04:12,03/21
Marlboro Nights,Lonely God,Marlboro Nights,2018,01:09,03/21
Christmas in June,AJR,OK ORCHESTRA,2021,04:39,03/21
3 O'Clock Things,AJR,OK ORCHESTRA,2021,03:48,03/21
World's Smallest Violin,AJR,OK ORCHESTRA,2021,03:01,03/21
"Yeh, Yeh",Georgie Fame & The Blue Flames,20 Beat Classics,1980,02:45,03/21
Joe,AJR,OK ORCHESTRA,2021,03:32,03/21
Adventure Is Out There,AJR,OK ORCHESTRA,2021,03:31,03/21
Move,Saint Motel,saintmotelevision,2016,03:08,04/21
Tongue Tied,Grouplove,Never Trust a Happy Song,2011,03:38,04/21
Goldmine,The Jokes,Goldmine,2018,03:10,04/21
Local Long Distance Relationship (LA2NY),Saint Motel,saintmotelevision,2016,03:21,04/21
As the Romans Do,Theo Katzman,Heartbreak Hits,2017,04:21,04/21
I'd Like To Know,Stu Stone,Return of the Stone Movement,2011,04:07,04/21
The Promise,When In Rome,When In Rome,1988,03:41,04/21
Come Out and Play,The Offspring,Smash,1994,03:18,04/21
404,One South Lark,404,2018,03:14,04/21
Two Against Nature,Steely Dan,Two Against Nature,2000,06:18,04/21
Volcano,The Presidents Of The United States Of America,II,1996,02:58,04/21
Mach 5,The Presidents Of The United States Of America,II,1996,03:16,04/21
Deacon Blues,Steely Dan,Aja,1977,07:37,04/21
Mr. Perfectly Fine (Taylor’s Version) (From The Vault),Taylor Swift,Fearless (Taylor's Version),2021,04:38,04/21
9/10,Jeff Rosenstock,POST-,2018,03:30,04/21
Doped Up Dollies On A One Way Ticket To Blood,Big D and the Kids Table,Fluent In Stroll,2009,04:14,04/21
There's Always Someone Cooler Than You,Ben Folds,"supersunnyspeedgraphic, the lp",2006,04:12,04/21
Insomniac,Hypnosonics,Drums Were Beating: Fort Apache Studios 1996,2021,05:11,04/21
Livin' With You,Hypnosonics,Someone Stole My Shoes: Beyond The Q Division Sessions,2021,04:00,04/21
Born Again,Hypnosonics,Drums Were Beating: Fort Apache Studios 1996,2021,04:21,04/21
Insomniac,Hypnosonics,Someone Stole My Shoes: Beyond The Q Division Sessions,2021,02:40,04/21
Never Enough,Rex Orange County,Apricot Princess,2017,04:59,04/21
Snoopy Vs. The Red Baron,The Royal Guardsmen,Snoopy Vs. The Red Baron,1967,02:41,04/21
Good Time,Owl City & Carly Rae Jepsen,The Midsummer Station,2012,03:26,04/21
Lonely,Palaye Royale,Lonely,2020,03:06,04/21
Secretariat,the moss,Some of Kentucky Derby,2020,02:42,04/21
Things I Miss the Most,Steely Dan,Everything Must Go,2003,03:59,04/21
Boys Will Be Bugs,Cavetown,Animal Kingdom,2019,05:29,04/21
Little Trouble,Better Oblivion Community Center & Phoebe Bridgers & Conor Oberst,Little Trouble b/w Sleepwalkin' (Daydreamin' Version),2019,02:54,04/21
deja vu,Olivia Rodrigo,deja vu,2021,03:36,04/21
Anchor,Roland Faunte,Anchor,2021,04:14,04/21
Sign of the Times,Harry Styles,Harry Styles,2017,05:41,04/21
Puffy Little Shoes,The Presidents Of The United States Of America,The Presidents of The United States of America: Ten Year Super Bonus Special Anniversary Edition,1995,03:36,04/21
Cheerleader,OMI,Cheerleader (Remixes),2015,02:55,04/21
Harder To Breathe,Maroon 5,Songs About Jane: 10th Anniversary Edition,2002,02:54,04/21
I Think I'm Going To Kill Myself,Elton John,Honky Chateau,1972,03:35,04/21
One Week - Blink 182 Version,Alex Melton,One Week (Blink 182 Version),2021,02:32,04/21
Modern Age,Court Street Company,Modern Age,2020,03:37,04/21
This Life,Vampire Weekend,Father of the Bride,2019,04:29,05/21
I Took A Pill In Ibiza,Mike Posner,"At Night, Alone.",2016,04:41,05/21
...Ready For It?,Taylor Swift,reputation,2017,03:28,05/21
How Bizarre,OMC,How Bizarre,1996,03:44,05/21
Girlfriends,Blossom Caldarone,Girlfriends,2020,03:18,05/21
You Better You Bet,The Who,Face Dances,1981,05:37,05/21
Athena,The Who,It's Hard,1982,03:48,05/21
Tell It to the Volcano,Miniature Tigers,Tell It to the Volcano,2009,02:35,05/21
Sympathy,Vampire Weekend,Father of the Bride,2019,03:47,05/21
Not Today,Twenty One Pilots,Blurryface,2015,03:58,05/21
Traffic,One South Lark,Vista Beach,2020,03:07,05/21
20 Dollar Nose Bleed,Fall Out Boy,Folie à Deux,2008,04:17,05/21
Plastic Hearts,Miley Cyrus,Plastic Hearts,2020,03:26,05/21
Picture Of The Future,Treat Her Right,Tied To The Tracks,1989,02:46,05/21
We're Not Gonna Take It,Twisted Sister,Stay Hungry,1984,03:40,05/21
Big Blue,Vampire Weekend,Father of the Bride,2019,01:49,05/21
bad guy,Billie Eilish,"WHEN WE ALL FALL ASLEEP, WHERE DO WE GO?",2019,03:14,05/21
Yes,Morphine,Yes,1995,02:01,05/21
Locura,Juan Wauters,Real Life Situations,2021,02:45,05/21
Hold Me Down,The Happy Fits,What Could Be Better,2020,03:44,05/21
baseball,Hippo Campus,warm glow,2017,03:18,05/21
You Can Be You,Saint Motel,saintmotelevision,2016,02:58,05/21
good 4 u,Olivia Rodrigo,good 4 u,2021,02:58,05/21
Somebody Told Me,The Killers,Hot Fuss,2004,03:17,05/21
Galway Girl,Ed Sheeran,÷ (Deluxe),2017,02:51,05/21
Jessica WJ,Cayucas,Real Life,2019,03:18,05/21
I'm Just a Kid,Simple Plan,"No Pads, No Helmets...Just Balls (15th Anniversary Tour Edition)",2018,03:18,05/21
Margaritaville,Jimmy Buffett,"Changes In Latitudes, Changes In Attitudes",1977,04:11,05/21
brutal,Olivia Rodrigo,SOUR,2021,02:24,05/21
Choker,Twenty One Pilots,Scaled And Icy,2021,03:43,05/21
The Boy,Shannon & The Clams,Onion,2018,03:03,05/21
Route 66,The Rolling Stones,The Rolling Stones,1964,02:20,05/21
DLTFWYH,Tokyo Police Club,TPC,2018,04:45,05/21
All My Favorite Songs (feat. AJR),Weezer & AJR,All My Favorite Songs (feat. AJR),2021,02:51,05/21
Drinking Song for Kids,The Growlers,Gay Thoughts - EP,2015,03:35,05/21
You Make Me Wanna Die,The Shivas,You Know What to Do,2014,02:51,05/21
Favorite Songs,One South Lark,Vista Beach,2020,03:32,05/21
Turn Up,SWMRS,Drive North,2016,02:36,05/21
Rub It In,Hypnosonics,Someone Stole My Shoes: Beyond The Q Division Sessions,2021,04:49,05/21
Build a Bitch,Bella Poarch,Build a Bitch,2021,02:03,05/21
Sometimes,Nick Lutsko,Swords,2019,03:49,06/21
Someday,The Growlers,Hung at Heart,2013,03:36,06/21
2012,Will Wood and the Tapeworms,SELF-iSH,2016,04:04,06/21
Pleaser,Wallows,Pleaser,2017,03:08,06/21
Married in a Gold Rush (feat. Danielle Haim),Vampire Weekend & Danielle Haim,Father of the Bride,2019,03:42,06/21
It's Not The Same Anymore,Rex Orange County,Pony,2019,06:26,06/21
Always,Rex Orange County,Pony,2019,03:17,06/21
Long Promised Road - Remastered 2009,The Beach Boys,Surf's Up,1971,03:33,06/21
Pulaski,Andrew Bird,Are You Serious (Deluxe Edition),2016,04:02,06/21
Me and Michael,MGMT,Little Dark Age,2018,04:50,06/21
Everyday Feels Like Sunday,of Montreal,The Sunlandic Twins Bonus EP,2005,03:18,06/21
Gonna Get Over You,Sara Bareilles,Kaleidoscope Heart,2010,04:16,06/21
(I Keep On) Rising Up,Mike Doughty,Sad Man Happy Man,2009,03:25,06/21
Hold You Now (feat. Danielle Haim),Vampire Weekend & Danielle Haim,Father of the Bride,2019,02:34,06/21
Galveston,Glen Campbell,Glen Campbell - The Capitol Years 1965 - 1977,2011,02:41,06/21
Grand Hoodoo - Audiotree Live Version,the moss,the moss on Audiotree Live,2021,02:20,06/21
Long Hot Night (Halfway to Certain),The Growlers,Natural Affair,2019,03:29,06/21
Social Man,The Growlers,Natural Affair,2019,03:28,06/21
Coinstar,The Growlers,Natural Affair,2019,03:28,06/21
The Bird And The Worm,Owl City,Ocean Eyes,2009,03:28,06/21
Cave In,Owl City,Ocean Eyes,2009,04:02,06/21
Baker Street,Gerry Rafferty,City to City,1978,06:06,06/21
Grand Romantic Life,Mom Rock,Grand Romantic Life,2019,03:19,06/21
Midnight Sky,Miley Cyrus,Midnight Sky,2020,03:43,06/21
Goodbye Copenhagen,New Politics,A Bad Girl In Harlem,2013,03:22,06/21
Fall Into These Arms,New Politics,A Bad Girl In Harlem,2013,03:44,06/21
It Won't Be Long - Remastered 2009,The Beatles,With The Beatles (Remastered),1963,02:13,06/21
All My Loving - Remastered 2009,The Beatles,With The Beatles (Remastered),1963,02:08,06/21
Please Mister Postman - Remastered 2009,The Beatles,With The Beatles (Remastered),1963,02:34,06/21
pity party,lovelytheband,finding it hard to smile,2018,03:11,06/21
make you feel pretty,lovelytheband,finding it hard to smile,2018,03:51,06/21
Near Wild Heaven,R.E.M.,Out Of Time,1991,03:19,06/21
"maybe, i'm afraid",lovelytheband,finding it hard to smile,2018,03:09,06/21
Texarkana,R.E.M.,Out Of Time,1991,03:40,06/21
"jealousy, jealousy",Olivia Rodrigo,SOUR,2021,02:53,06/21
enough for you,Olivia Rodrigo,SOUR,2021,03:23,06/21
Born Again,Saint Motel,saintmotelevision,2016,03:27,07/21
What I Got,Sublime,Sublime,1996,02:51,07/21
Santeria,Sublime,Sublime,1996,03:03,07/21
Contact,Phish,Junta,1989,06:42,07/21
Seabiscuit,the moss,Kentucky Derby,2021,02:58,07/21
Motorola,Miloe,Motorola,2019,02:26,07/21
Twenty Two and Some Change,Stephen Day,Guess I’m Grown Now,2019,02:54,07/21
Shampoo Bottles,Peach Pit,You and Your Friends,2020,03:44,07/21
People Go Home,Jukebox The Ghost,Off To The Races,2018,02:44,07/21
Boring,Jukebox The Ghost,Off To The Races,2018,04:01,07/21
For What It's Worth,Buffalo Springfield,Buffalo Springfield,1966,02:34,07/21
Serotonin,girl in red,Serotonin,2021,03:02,07/21
Destroyer,Saint Motel,saintmotelevision,2016,03:12,07/21
"Jerusalem, New York, Berlin",Vampire Weekend,Father of the Bride,2019,02:55,07/21
Salad Days,Mac DeMarco,Salad Days,2014,02:26,07/21
Ode to Viceroy,Mac DeMarco,2,2012,03:54,07/21
Let's Get Retarded,Black Eyed Peas,Elephunk,2003,03:36,07/21
Never Had The Balls,Rex Orange County,Pony,2019,03:57,07/21
Turn! Turn! Turn! (To Everything There Is a Season),The Byrds,Turn! Turn! Turn!,1965,03:49,07/21
What Once Was,Her's,Songs of Her's,2017,04:15,07/21
Harvey,Her's,Invitation to Her's,2018,03:31,07/21
Stop Making This Hurt,Bleachers,Take the Sadness Out of Saturday Night,2021,03:20,08/21
Don't Go Dark,Bleachers,Take the Sadness Out of Saturday Night,2021,04:04,08/21
Fvck Somebody,The Wrecks,Infinitely Ordinary,2020,03:01,08/21
Everybody Wants To Be Famous,Superorganism,Superorganism,2018,03:05,08/21
Love You To - Remastered 2009,The Beatles,Revolver (Remastered),1966,03:00,08/21
My Old Man,Mac DeMarco,This Old Dog,2017,03:42,08/21
One Another,Mac DeMarco,This Old Dog,2017,02:46,08/21
A Wolf Who Wears Sheeps Clothes,Mac DeMarco,This Old Dog,2017,02:49,08/21
Still Beating,Mac DeMarco,This Old Dog,2017,03:02,08/21
Chaise Longue,Wet Leg,Chaise Longue,2021,03:17,08/21
Year Of The Spider,Shannon & The Clams,Year Of The Spider,2021,02:31,08/21
Clean,Taylor Swift,1989,2014,04:31,08/21
Chagu's Sideturn,Peach Pit,Being So Normal,2018,03:30,08/21
It’s All Good,Superorganism,Superorganism,2018,03:24,08/21
It's Still Cool If You Don't,Briston Maroney,It's Still Cool If You Don't,2021,03:57,08/21
Don't Go Near The Water - Remastered 2009,The Beach Boys,Surf's Up,1971,02:42,08/21
Surf's Up - Remastered 2009,The Beach Boys,Surf's Up,1971,04:14,08/21
I'm Into Something Good,Herman's Hermits,Herman's Hermits Retrospective,1966,02:34,08/21
Sound Of A Broken Heart,Jukebox The Ghost,Jukebox The Ghost,2015,03:16,08/21
How Dare You Want More,Bleachers,Take the Sadness Out of Saturday Night,2021,04:00,08/21
Pet Shop Eyes,The Growlers,Hung At Heart,2013,03:34,08/21
Another Try,The Happy Fits,Another Try,2021,02:44,08/21
Busy Doin' Nothin' - Remastered 2001,The Beach Boys,Friends (Remastered),1968,03:06,08/21
Hey Mickey,Toni Basil,Hey Mickey,2020,04:13,08/21
Get a Job,The Happy Fits,What Could Be Better,2020,02:59,08/21
End of the Movie,CAKE,Pressure Chief,2004,01:50,08/21
Daylight,Maroon 5,Overexposed (Deluxe),2012,03:45,08/21
A-O-K,Tai Verdes,TV,2021,02:54,08/21
Sidelines,Wallows,Nothing Happens,2019,03:01,08/21
If You Know What's Right,Her's,Invitation to Her's,2018,03:20,08/21
Sweet And Bitter,The Beach Boys,"Feel Flows" The Sunflower & Surf’s Up Sessions 1969-1971 (Super Deluxe),2021,02:34,08/21
Seasons In The Sun,The Beach Boys,"Feel Flows" The Sunflower & Surf’s Up Sessions 1969-1971 (Super Deluxe),2021,03:26,08/21
Time,Ben Folds,Songs For Silverman,2005,04:28,08/21
Alright Guy,Todd Snider,Songs For The Daily Planet,1994,04:30,08/21
Big Sur,The Beach Boys,This Whole World / Surf’s Up / Susie Cincinnati / Big Sur,2021,02:35,08/21
Meanwhile Back in the City,The Presidents Of The United States Of America,Freaked Out And Small,2000,03:23,09/21
Blank Baby,The Presidents Of The United States Of America,Freaked Out And Small,2000,03:49,09/21
Headin' Out,The Presidents Of The United States Of America,Freaked Out And Small,2000,04:17,09/21
Tiger Bomb - (Demo),The Presidents Of The United States Of America,Freaked Out And Small,2000,03:24,09/21
Last Girl on Earth,The Presidents Of The United States Of America,Freaked Out And Small,2000,02:20,09/21
Stay,Oingo Boingo,Dead Man's Party,1985,03:37,09/21
Never Is Enough,Barenaked Ladies,Stunt (20th Anniversary Edition),1998,03:23,09/21
Record Player (with AJR),Daisy the Great & AJR,Record Player (with AJR),2021,02:30,09/21
Ice Cold Pool,Wallows,Nothing Happens,2019,03:58,09/21
i deserve 2 b alone,Tai Verdes,TV,2021,02:46,09/21
She Wants Me (To Be Loved),The Happy Fits,What Could Be Better,2020,03:19,09/21
Cocaine,Sleepwalkers,Greenwood Shade,2014,03:05,09/21
Harness Your Hopes - (B-side),Pavement,Brighten the Corners: Nicene Creedence Ed.,1997,03:27,09/21
Dr Jekyll & Mr Hyde,Ezra Furman,The Year of No Returning,2013,03:47,09/21
Puppy Grin,Peach Pit,You and Your Friends,2020,02:51,09/21
You and Your Friends,Peach Pit,You and Your Friends,2020,03:57,09/21
the 1,Taylor Swift,folklore,2020,03:30,09/21
cardigan,Taylor Swift,folklore,2020,04:00,09/21
invisible string,Taylor Swift,folklore,2020,04:13,09/21
Anybody Else But Me,FUR,Anybody Else But Me,2021,03:31,09/21
Black Moss,the moss,Bryology,2019,03:54,10/21
Backwater,Meat Puppets,Too High To Die,1994,03:41,10/21
Speed Living,The Growlers,City Club,2016,03:23,10/21
Table for One,AWOLNATION,Here Come the Runts,2018,04:39,10/21
Still into You,Paramore,Paramore,2013,03:36,10/21
You Fine,Saint Motel,saintmotelevision B-sides,2018,02:57,10/21
Cold Cold Man,Saint Motel,My Type EP,2014,03:51,10/21
Seen and Not Seen,Talking Heads,Remain in Light,1980,03:25,10/21
Sports,Beach Bunny,Sports,2018,02:44,10/21
"So Alright, Cool, Whatever",The Happy Fits,Concentrate,2018,03:11,10/21
I Can Change,LCD Soundsystem,This Is Happening,2010,05:52,10/21
Television / So Far So Good,Rex Orange County,Apricot Princess,2017,04:23,10/21
Mannie's Smile,Her's,Invitation to Her's,2018,03:40,10/21
Everyone's in Love with You,David Byrne,Look into the Eyeball,2001,02:29,10/21
2021,Vampire Weekend,Father of the Bride,2019,01:38,10/21
Airliner,Cheers Elephant,Airliner,2015,03:32,10/21
Party In The U.S.A.,Miley Cyrus,The Time Of Our Lives,2009,03:22,10/21
A Wolf Who Wears Sheeps Clothes - Demo,Mac DeMarco,Old Dog Demos,2018,02:22,10/21
Things Happen,Dawes,All Your Favorite Bands,2015,04:03,10/21
Thursday,Peach Pit,You and Your Friends,2020,03:04,10/21
Hell Yes,Beck,Guero,2005,03:18,11/21
Problems,Mother Mother,Eureka,2011,03:28,11/21
The Fine Line of a Quiet Life,FUR,When You Walk Away,2021,02:42,11/21
Chest Hair,Sitting on Stacy,Perfectly Sane,2019,03:28,11/21
This Love,Taylor Swift,1989,2014,04:10,11/21
Whistle For The Choir,The Fratellis,Costello Music,2007,03:36,11/21
The Gutterati?,The Fratellis,Costello Music,2007,02:29,11/21
What You Like,Wallows,Nothing Happens,2019,03:21,11/21
Red (Taylor's Version),Taylor Swift,Red (Taylor's Version),2021,03:43,11/21
Let It Be - Remastered,The Beatles,Let It Be (Remastered),1970,04:03,11/21
Everytime We Touch,Cascada,Everytime We Touch (Premium Edition),2010,03:17,11/21
Might Might Not,Sure Sure,What's It Like?,2019,03:15,11/21
Ring The Alarm,Tenor Saw,Tenor Saw Meets Nitty Gritty,2008,03:08,11/21
Rent a Cop,Ben Folds,"supersunnyspeedgraphic, the lp",2006,05:09,11/21
Cut To The Feeling,Carly Rae Jepsen,Cut To The Feeling,2017,03:28,11/21
Never Really Over,Katy Perry,Smile,2020,03:43,11/21
Moody Motorcycle,Human Highway,Moody Motorcycle,2008,03:11,11/21
Even When The Water's Cold,!!!,Thr!!!er,2013,03:47,11/21
Big Ol World,Saint Motel,Big Ol World (from “At home with the kids”),2020,01:56,11/21
Look Out!,Peach Pit,Look Out!,2021,02:57,11/21
bad idea!,girl in red,chapter 2,2019,03:40,11/21
Tchaikovsky & Solitude,Miniature Tigers,Tell It to the Volcano,2009,03:05,11/21
Better Man (Taylor's Version) (From The Vault),Taylor Swift,Red (Taylor's Version),2021,04:57,11/21
She's The Warmest Colour In My Mind,FUR,When You Walk Away,2021,02:30,11/21
I And Love And You,The Avett Brothers,I And Love And You,2009,05:01,11/21
23,Wallice,23,2021,02:45,11/21
Easier to Cry,TV Girl,Lonely Women,2013,03:15,11/21
Rubber & Bone,The Growlers,City Club,2016,03:55,11/21
Lovers Rock,TV Girl,French Exit,2014,03:34,12/21
Hungry People,The Happy Fits,Concentrate,2018,02:22,12/21
Reason for Dreaming,The Happy Fits,Concentrate,2018,03:33,12/21
Best Tears,The Happy Fits,Concentrate,2018,02:39,12/21
We like to Party! (The Vengabus) Six Flags,Vengaboys,We like to Party! (The Vengabus),1998,03:42,12/21
Black Day in December,Said The Whale,Islands Disappear,2009,02:53,12/21
Birds Dont Sing,TV Girl,French Exit,2014,03:29,12/21
The Adults Are Talking,The Strokes,The New Abnormal,2020,05:09,12/21
Across The Sea,Weezer,Pinkerton,1996,04:33,12/21
Falling For You,Weezer,Pinkerton,1996,03:48,12/21
Like Real People Do,Hozier,Hozier (Expanded Edition),2014,03:18,12/21
Kilby Girl,The Backseat Lovers,When We Were Friends,2019,04:42,12/21
Chocolate,The 1975,The 1975 (Deluxe Version),2013,03:45,12/21
"1 for 1, DiMaggio",Vulfpeck,The Beautiful Game,2016,03:09,12/21
I'll Be Missing You (feat. 112),Diddy & Faith Evans & 112,Bad Boy's 10th Anniversary- The Hits,2004,05:02,12/21
No Milk Today,Herman's Hermits,Herman's Hermits Retrospective,1966,02:56,12/21
Not Allowed,TV Girl,Who Really Cares,2016,02:48,12/21
I've Just Seen A Face - Remastered 2009,The Beatles,Help! (Remastered),1965,02:05,12/21
Heart of a Dancer,The Happy Fits,Concentrate,2018,03:38,12/21
Annie Oakley,Miniature Tigers,Tell It to the Volcano,2009,03:11,12/21
A Donde Sea,Julieta Venegas,Limon Y Sal,2006,02:55,12/21
Mr. Finish Line (feat. Christine Hucal & Theo Katzman),Vulfpeck & Christine Hucal & Theo Katzman,Mr Finish Line,2017,03:13,12/21
Way It Goes,Hippo Campus,Landmark,2017,04:05,12/21
Relimerence,The Happy Fits,Concentrate,2018,04:29,12/21
Up Granville,Peach Pit,Up Granville,2021,03:51,12/21
Getting Better - Remastered 2009,The Beatles,Sgt. Pepper's Lonely Hearts Club Band (Remastered),1967,02:48,12/21
Can't Hold Us (feat. Ray Dalton),Macklemore & Ryan Lewis & Macklemore & Ryan Lewis & Ray Dalton,The Heist,2012,04:18,01/22
In Bed,Rare Earth,Get Ready,1969,03:03,01/22
Golden Gal,Animal Collective,Painting With,2016,04:42,01/22
Late,Ben Folds,Songs For Silverman,2005,03:56,01/22
Bad Dream Baby,Hippo Campus,Bad Dream Baby,2021,02:58,01/22
Walcott,Vampire Weekend,Vampire Weekend,2008,03:42,01/22
What'd I Do With All This Faith?,Bleachers,Take the Sadness Out of Saturday Night,2021,03:18,01/22
Jenny,WALK THE MOON,Walk The Moon,2012,04:05,01/22
The Kids Don't Stand a Chance,Vampire Weekend,Vampire Weekend,2008,04:03,01/22
Raised By Wolves,Voxtrot,Raised By Wolves EP,2005,04:41,01/22
Then He Kissed Me,The Crystals,Da Doo Ron Ron: The Very Best of The Crystals,2011,02:39,01/22
Sucker's Prayer,The Decemberists,I'll Be Your Girl,2018,03:29,01/22
Tom's Diner,Suzanne Vega,Solitude Standing,1987,02:09,01/22
Preach,Saint Motel,The Original Motion Picture Soundtrack,2021,03:05,01/22
Brazilian Soul (feat. Sofi Tukker) - Acoustic Bossa Version,The Knocks & Sofi Tukker,Brazilian Soul (feat. Sofi Tukker) [Remixes],2018,04:11,01/22
Can You Handle My Love??,WALK THE MOON,Can You Handle My Love??,2021,04:16,01/22
Real Talk,M.A.G.S.,M.A.G.S.,2017,01:57,01/22
Don't Break His Heart,bülow,Don't Break His Heart,2022,03:11,01/22
Come And Get It - Remastered 2010,Badfinger,Magic Christian Music (Remastered 2010 / Deluxe Edition),1970,02:23,02/22
New Slang,The Shins,"Oh, Inverted World",2001,03:51,02/22
Californiyeah,!!!,Thr!!!er,2013,04:34,02/22
One Girl / One Boy,!!!,Thr!!!er,2013,04:04,02/22
Hold On,Chord Overstreet,Hold On,2017,03:19,02/22
i h8 that i still feel bad for u,Claire Rosinkranz,i h8 that i still feel bad for u,2022,02:55,02/22
blackboard.edu,Arlie,blackboard.edu,2018,03:39,02/22
Steal My Sunshine,LEN,You Can't Stop The Bum Rush,1999,04:26,02/22
La Da Dee,Cody Simpson,Surfers Paradise (Expanded),2013,03:17,02/22
The Real World,Owl City,All Things Bright And Beautiful,2011,03:35,02/22
"What, Me Worry?",Portugal. The Man,"What, Me Worry?",2022,02:57,02/22
Sort Of Stranger,The Greeting Committee & Briston Maroney,Sort Of Stranger,2022,03:31,02/22
Bang Bang,Hippo Campus,LP3,2022,02:54,02/22
Message In A Bottle (Taylor's Version) (From The Vault),Taylor Swift,Red (Taylor's Version),2021,03:46,02/22
Slyd,!!!,Thr!!!er,2013,04:15,02/22
Cheeseburger In Paradise,Jimmy Buffett,Son Of A Son Of A Sailor,1978,02:56,02/22
Oliver's Army,Elvis Costello & The Attractions,Armed Forces (Remastered 2020),2020,03:01,02/22
Friends - Remastered 2001,The Beach Boys,Friends (Remastered),1968,02:33,02/22
You're My Favorite Waste of Time - Remastered Version,"Marshall Crenshaw & The Handsome, Ruthless and Stupid Band",Marshall Crenshaw (Deluxe),2005,02:39,02/22
Do Not Wait,Wallows,Nothing Happens,2019,06:31,02/22
745 sticky,100 gecs & Laura Les & Dylan Brady,1000 gecs,2019,02:21,02/22
Blinding Lights,The Weeknd,After Hours,2020,03:20,02/22
False Direction,Dayglow,Fuzzybrain,2019,04:37,02/22
F**k California,The Presidents Of The United States Of America,The Presidents of The United States of America: Ten Year Super Bonus Special Anniversary Edition,1995,03:05,02/22
Horchata,Vampire Weekend,Contra,2010,03:27,02/22
California English,Vampire Weekend,Contra,2010,02:30,02/22
That Life,Unknown Mortal Orchestra,That Life,2021,03:37,02/22
Sundown,Rank And File,The Slash Years,2004,03:06,02/22
The Prawn Song,Superorganism,Superorganism,2018,03:16,02/22
Do You Believe in Magic?,The Lovin' Spoonful,Do you Believe In Magic,1965,02:06,03/22
Loving Is Easy,Rex Orange County & Benny Sings,Loving Is Easy,2017,02:36,03/22
Give Up Baby Go,Peach Pit,From 2 to 3,2022,04:17,03/22
The Daisy Chain,The Growlers,City Club,2016,03:45,03/22
No Distance,Morning Teleportation,No Distance,2018,02:19,03/22
Beta Love,Ra Ra Riot,Beta Love,2013,02:56,03/22
Goodbye Mr A,The Hoosiers,The Trick To Life,2008,04:27,03/22
Binary Mind,Ra Ra Riot,Beta Love,2013,03:13,03/22
Dying Is Fine,Ra Ra Riot,The Rhumb Line (10th Anniversary Edition),2008,03:52,03/22
This Time Of Year,Ra Ra Riot,Superbloom,2019,03:57,03/22
ringtone,100 gecs & Laura Les & Dylan Brady,1000 gecs,2019,02:24,03/22
hangar,8485,plague town,2021,02:46,03/22
AM Gold,Train,AM Gold,2022,02:49,03/22
Stuck in the Middle,Tai Verdes,Stuck in the Middle,2020,03:16,03/22
Mon Amour - Remix,zzoilo & Aitana,Mon Amour (Remix),2021,03:00,03/22
Wet Dream,Wet Leg,Wet Dream,2021,02:20,03/22
Aicha - Version Mixte,Khaled,Sahra,1997,04:20,03/22
Doin' Well,Roland Faunte,Needle and Thread,2021,18:42,03/22
She'd Rather Be With Me,The Turtles,Happy Together,1967,02:22,03/22
"Save Me, San Francisco",Train,"Save Me, San Francisco (Golden Gate Edition)",2010,04:09,03/22
Drop the Guillotine,Peach Pit,Sweet FA,2018,03:48,03/22
G.O.A.T.,Polyphia,New Levels New Devils,2018,03:36,03/22
Goose,Polyphia,The Most Hated,2017,04:15,03/22
You should be sad,Halsey,You should be sad,2019,03:25,04/22
Polaroid,Imagine Dragons,Smoke + Mirrors,2014,03:50,04/22
Playin' Me Back,bülow,Playin' Me Back,2022,01:50,04/22
Hands Down Olivia,Super American,Tequila Sunrise,2018,02:37,04/22
Ghosting,Mother Mother,O My Heart,2008,04:46,04/22
Swing & A Miss,Oliver Tree,Cowboy Tears,2022,02:59,04/22
Crooked Teeth,Death Cab for Cutie,Plans,2005,03:24,04/22
Leader Of The Pack,The Shangri-Las,The Best Of The Shangri-Las,1996,02:51,04/22
The Way That I Love U Has Changed,Chris Farren,The Way That I Love U Has Changed,2018,03:18,04/22
Boys Will Be Boys,bülow,Boys Will Be Boys,2019,02:36,04/22
True Dreams of Wichita,Soul Coughing,Ruby Vroom,1994,05:00,04/22
Even If You Don't,Ween,White Pepper,2000,03:25,04/22
Blessin' Me,Red Hearse,Red Hearse,2019,03:05,04/22
Booty Call,bülow,Booty Call,2022,03:14,04/22
saw u in a dream,tyke james,saw u in a dream,2021,02:35,04/22
Being so Normal,Peach Pit,Being So Normal,2018,03:40,04/22
Virgin Lady Luck,Brooks Nielsen,Virgin Lady Luck,2021,04:49,04/22
Open up (For Clizz),Brooks Nielsen,Open up (For Clizz),2022,03:08,04/22
Wii Turn Up (Wii Menu Remix),Murcy,Wii Turn Up (Wii Menu Remix),2015,03:16,04/22
More Like You,Orla Gartland,Woman on the Internet,2021,03:40,04/22
Marvelous,Wallows,Tell Me That It’s Over,2022,02:22,04/22
At the End of the Day,Wallows,Tell Me That It’s Over,2022,03:53,04/22
Lucky,Jason Mraz & Colbie Caillat,We Sing. We Dance. We Steal Things.,2008,03:10,04/22
Dance Alone,The Happy Fits,Dance Alone,2022,03:16,04/22
Die and Live Forever,The Growlers,Natural Affair,2019,03:08,04/22
Might Be Right,White Reaper,You Deserve Love,2019,03:57,05/22
This Time,Sure Sure,This Time,2022,02:14,05/22
Unbelievers,Vampire Weekend,Modern Vampires of the City,2013,03:23,05/22
Diane Young,Vampire Weekend,Modern Vampires of the City,2013,02:40,05/22
Be Okay,bo en,Pale Machine,2013,03:41,05/22
Que' Onda Guero,Beck,Guero,2005,03:29,05/22
cold weather,glass beach,the first glass beach album,2019,02:18,05/22
Are You Serious,Andrew Bird,Are You Serious,2016,03:38,05/22
Ophelia,The Lumineers,Ophelia,2016,02:40,05/22
Home,Blue October,Home,2016,04:07,05/22
Mambo No. 5 (a Little Bit of...),Lou Bega,A Little Bit of Mambo,1999,03:40,05/22
Congratulations,Post Malone & Quavo,Stoney (Deluxe),2016,03:40,05/22
Little Sister Song,Kid Sistr,Little Sister Song,2020,02:33,05/22
Vickie,Peach Pit,Vickie,2022,03:44,05/22
The Youth,MGMT,Oracular Spectacular,2007,03:48,05/22
Electric Feel,MGMT,Oracular Spectacular,2007,03:50,05/22
Kids,MGMT,Oracular Spectacular,2007,05:03,05/22
My Girl Forever,Miniature Tigers,I Dreamt I Was a Cowboy,2016,03:18,05/22
Ocean's Deep,Born Ruffians,Birthmarks,2013,02:47,05/22
